Sweet,Sour,Salty,Bitter,Umami,Spicy,Crunchy,Colour
Anise,Curry Leaf,Salt,Ajwain,Asa Foetida,Allspice,Poppy,Annatto
Basil,Indonesian Bay-Leaf,,Almond,Garlic,Bear’s Garlic,Pumpkin,Safflower
Black Cardamom,Kaffir Lime,,Boldo,Onion,Black Mustard,Sesame,Saffron
Black Cumin,Lemon,,Celery,Parsley,Blue Fenugreek,Alfalfa Sprouts,Turmeric
Borage,Lemon Balm,,Chameleon Plant,Perilla,Caper,Bean Sprouts,Eggplant
Cardamom,Lemon Grass,,Chaste Tree,Asparagus,Caraway,Green Beans,Broccoflower
Cassia,Lemon Myrtle,,Cubeb Pepper,Azuki Beans,Ceylon Cinnamon,Snap Peas,New Zealand Spinach
Chervil,Lemon Verbena,,Fenugreek,Black Beans,Chile,Cabbage,Beetroot
Chive,Lime,,Gale,Black-Eyed Peas,Cresses,Fiddleheads,Mangel-Wurzel
Cicely,Long Coriander,,Hyssop,Borlotti Bean,Epazote,Frisee,Acorn Squash
Clove,Mango,,Laurel,Broad Beans,Fingerroot,Bok Choy,Butternut Squash
Coriander,Orange,,Lavender,Chickpeas,Ginger,Scallion,Banana Squash
Coconut,Pomegranate,,Mahaleb Cherry,Green Beans,Grains Of Paradise,Water Chestnut,Delicata
Cumin,Rice Paddy Herb,,Marjoram,Kidney Beans,Greater Galangale,Jicama,Gem Squash
Dill,Sumac,,Mexican Tarragon,Lima Beans,Horseradish,Zucchini,Hubbard Squash
Fennel,Tamarind,,Mugwort,Mung Beans,Indonesian Cinnamon,Cucumber,Marrow Squash
Indian Bay-Leaf,Acerola,,Myrtle,Navy Beans,Lesser Galangale,Soy Bean Sprout,Spaghetti Squash
Juniper,Cloudberry,,Nigella,Pinto Beans,Mexican Pepper-Leaf,Arrow Root,Spinach
Licorice,Currant,,Olive,Runner Beans,Negro Pepper,Japanese Cucumber,Gai Lan
Long Pepper,Damson,,Oregano,Soy Beans,Nutmeg & Mace,Chayote,Kabocha
Lovage,Elderberry,,Rosemary,Peas,Pandanus Leaf,Apple,Bilberry
Pandanus Flower,Finger Lime,,Rue,Broccoli,Paprika,Cashew,Blackcurrant
Peppermint,Goji Berry,,Sage,Savoy Cabbage,Paracress,Crab Apple,Blueberry
Pepper Rosé,Grapefruit,,Southernwood,Red Cabbage,Pepper,Acorn,Boysenberry
Rose,Grewia Asiatica,,Zedoary,Cauliflower,Rocket,Araucaria nuts,Cherry
Star Anise,Jabuticaba,,Artichoke,Kale,Sassafras,Atherton Oak nut,Cranberry
Thyme,Japanese Plum,,Eggplant,Lettuce,Savory,Beechnuts,Egg Fruit
Tonka Bean,Kiwano,,Collard Greens,Mushrooms,Sichuan Pepper,Black walnut,Elderberry
Vanilla,Kumquat,,Radicchio,Okra,Tarragon,Brazil nut,Gooseberry
Split Peas,Lulo,,Rhubarb,Chives,Tasmanian Pepper,Breadnut,Grape
Brussels Sprouts,Magellan Barberry,,Rutabaga,Carrot,Vietnamese Cinnamon,Bunya Bunya nut,Honeyberry
Kohlrabi,Mouse Melon,,Turnip,Radish,Vietnamese Coriander,Butternut,Huckleberry
Endive,Miracle Fruit,,Bitter Melon,Daikon,Wasabi,Candle nut,Jostaberry
Chard,Quince,,Coffee Bean,Potato,Water Pepper,Chia seeds,Kiwifruit
Nettles,Salmonberry,,Cocoa Bean,Sweet Potato,White Mustard,Chilean Hazel,Loganberry
Leek,Redcurrant,,Açaí,Turnip,Mustard Greens,Chilghoza Pine nut,Blood Orange
Shallot,Sloe,,Grapefruit,Sweetcorn,Arugula,English walnut,Pineberry
Celeriac,Star Fruit,,Juniper Berry,Tomato,Tat Soi,Filbert,Raspberry
Eddoe,Surinam Cherry,,Indian almond,Chrysanthemum,Watercress,Flaxseed,Soursop
Konjac,Tangelo,,Johnstone River almond ,Lotus Root,Green Radish,Gabon Nut,Strawberry
Taro,Yuzu,,,Japanese Sweet Potato,,Ginkgo nuts,
Parsnip,,,,Avocado,,Hazelnut,
Jerusalem Artichoke,,,,Cashew,,Heartseed walnut,
Yam,,,,Watermelon,,Hickory,
Salsify,,,,Tamarillo,,Italian stone pine nut,
Skirret,,,,English Cheddar,,Japanese walnut,
Chinese Eggplant,,,,Parmigiano Reggiano,,Karuka nuts,
Yuka Root,,,,Brie,,Kola nut,
Don Gua,,,,Gruyere,,Korean pine nut,
Mo Qua,,,,Feta,,Kurrajong nut,
Papaya,,,,Mozzarella,,Macadamia nut,
Abiu,,,,Gorgonzola,,Manchurian walnut,
Ackee,,,,Epoisses,,Mexican Pine nut,
African Cucumber,,,,Swiss Cheese,,Mongongo nut,
Apricot,,,,Gouda Cheese,,Palm nut,
Banana,,,,Muenster Cheese,,Paradise,
Blackberry,,,,Provolone,,Pecan,
Black Sapote,,,,Blue Cheese,,Pili nut,
Breadfruit,,,,Camembert,,Pine nut,
Buddha'S Hand,,,,Irish Cheddar,,Piñon nut,
Cactus Pear,,,,Havarti,,Red Bopple nut,
Canistel,,,,Buffalo Mozzarella,,Saba nut,
Cempedak,,,,Colby-Jack,,Sesame seeds,
Cherimoya,,,,Monterey Jack,,Shagbark hickory,
Chico Fruit,,,,Edam,,Souari Nut,
Coco De Mer,,,,Ricotta,,,
Date,,,,Manchego,,,
Dragonfruit,,,,Pepper Jack Cheese,,,
Durian,,,,Roquefort,,,
Feijoa,,,,Goat Cheese,,,
Fig,,,,Colby Cheese,,,
Raisin,,,,Stilton Cheese,,,
Guava,,,,Emmentaler,,,
Hala Fruit,,,,Cream Cheese,,,
Jackfruit,,,,Comté Cheese,,,
Jambul,,,,American Farmhouse Cheddar,,,
Jujube,,,,Cottage Cheese,,,
Longan,,,,Grana Padano,,,
Loquat,,,,Halloumi,,,
Lychee,,,,Rembrandt Gouda,,,
Mamey Apple,,,,Sharp Provolone,,,
Mamey Sapote,,,,Danish Blue,,,
Mangosteen,,,,Saint Albray,,,
Marionberry,,,,Appenzeller Cheese,,,
Melon,,,,Mascarpone,,,
Cantaloupe,,,,Tomme De Savoie,,,
Galia Melon,,,,String Cheese,,,
Honeydew,,,,Saint-Marcellin,,,
Musk Melon,,,,American Cheese,,,
Monstera Deliciosa,,,,Pont-L'Évêque Cheese,,,
Mulberry,,,,Mahón Cheese,,,
Nance,,,,Cantal Cheese,,,
Nectarine,,,,Beef Chuck,,,
Clementine,,,,Beef Brisket,,,
Mandarine,,,,Beef Shank,,,
Tangerine,,,,Beef Rib,,,
Passionfruit,,,,Beef Plate,,,
Pawpaw,,,,Beef Short Loin,,,
Peach,,,,Beef Flank,,,
Pear,,,,Beef Sirloin,,,
Persimmon,,,,Beef Tenderloin,,,
Plantain,,,,Beef Top Sirloin,,,
Plum,,,,Beef Bottom Sirloin,,,
Prune,,,,Beef Round,,,
Pineapple,,,,Beef Tongue,,,
Plumcot,,,,Beef Neck,,,
Pomelo,,,,Beef Shin,,,
Purple Mangosteen,,,,Beef Chest,,,
Rambutan,,,,Beef Tendon,,,
Rose Apple,,,,Beef Tripe,,,
Salal Berry,,,,Beef Ligaments,,,
Salak,,,,Beef Pizzle,,,
Satsuma,,,,Beef Liver,,,
Shine Muscat,,,,Beef Intestine,,,
Star Apple,,,,Beef Lung,,,
Tayberry,,,,Beef Testicle,,,
Ugli Fruit,,,,Beef Kidney,,,
White Currant,,,,Beef Heart,,,
White Sapote,,,,Beef Blood,,,
,,,,Goat Neck,,,
,,,,Goat Shoulder,,,
,,,,Goat Breast,,,
,,,,Goat Shank,,,
,,,,Goat Rib,,,
,,,,Goat Loin,,,
,,,,Goat Flank,,,
,,,,Goat Sirloin,,,
,,,,Goat Rump,,,
,,,,Goat Leg,,,
,,,,Goat Tendon,,,
,,,,Goat Tripe,,,
,,,,Goat Ligaments,,,
,,,,Goat Pizzle,,,
,,,,Goat Liver,,,
,,,,Goat Intestine,,,
,,,,Goat Lung,,,
,,,,Goat Testicle,,,
,,,,Goat Kidney,,,
,,,,Goat Heart,,,
,,,,Goat Blood,,,
,,,,Goat Tongue,,,
,,,,Lamb Neck,,,
,,,,Lamb Shoulder,,,
,,,,Lamb Rib,,,
,,,,Lamb Breast,,,
,,,,Lamb Loin,,,
,,,,Lamb Sirloin,,,
,,,,Lamb Flank,,,
,,,,Lamb Leg,,,
,,,,Lamb Shank,,,
,,,,Lamb Tendon,,,
,,,,Lamb Tripe,,,
,,,,Lamb Ligaments,,,
,,,,Lamb Pizzle,,,
,,,,Lamb Liver,,,
,,,,Lamb Intestine,,,
,,,,Lamb Lung,,,
,,,,Lamb Testicle,,,
,,,,Lamb Kidney,,,
,,,,Lamb Heart,,,
,,,,Lamb Blood,,,
,,,,Lamb Tongue,,,
,,,,Chicken Breast,,,
,,,,Chicken Thigh,,,
,,,,Chicken Drumstick,,,
,,,,Chicken Heart,,,
,,,,Chicken Liver,,,
,,,,Chicken Gizzard,,,
,,,,Chicken Feet,,,
,,,,Chicken Tail,,,
,,,,Chicken Leg,,,
,,,,Chicken Wing,,,
,,,,Chicken Neck,,,
,,,,Chicken Intestine,,,
,,,,Chicken Head,,,
,,,,Turkey Head,,,
,,,,Turkey Neck,,,
,,,,Turkey Back,,,
,,,,Turkey Tenderloin,,,
,,,,Turkey Breast,,,
,,,,Turkey Drumete,,,
,,,,Turkey Wing,,,
,,,,Turkey Thigh,,,
,,,,Turkey Drumstick,,,
,,,,Turkey Tip,,,
,,,,Turkey Tail,,,
,,,,Turkey Heart,,,
,,,,Turkey Liver,,,
,,,,Turkey Gizzard,,,
,,,,Turkey Intestine,,,
,,,,Pork Head,,,
,,,,Pork Jowl,,,
,,,,Pork Neck,,,
,,,,Pork Shoulder,,,
,,,,Pork Picnic,,,
,,,,Pork Hock,,,
,,,,Pork Back Fat,,,
,,,,Pork Loin,,,
,,,,Pork Ribs,,,
,,,,Pork Belly,,,
,,,,Pork Leg,,,
,,,,Pork Heart,,,
,,,,Pork Lungs,,,
,,,,Pork Kidney,,,
,,,,Pork Tongue,,,
,,,,Pork Ears,,,
,,,,Pork Intestine,,,
,,,,Pork Liver,,,
,,,,Pork Blood,,,
,,,,Anchovies,,,
,,,,Barracuda,,,
,,,,Basa,,,
,,,,Bass,,,
,,,,Black Cod,,,
,,,,Blowfish,,,
,,,,Bluefish,,,
,,,,Bombay Duck,,,
,,,,Bream,,,
,,,,Brill,,,
,,,,Butter Fish,,,
,,,,Catfish,,,
,,,,Cod,,,
,,,,Dogfish,,,
,,,,Dorade,,,
,,,,Eel,,,
,,,,Flounder,,,
,,,,Grouper,,,
,,,,Haddock,,,
,,,,Hake,,,
,,,,Halibut,,,
,,,,Herring,,,
,,,,Ilish,,,
,,,,John Dory,,,
,,,,Lamprey,,,
,,,,Lingcod,,,
,,,,Mackerel,,,
,,,,Mahi Mahi,,,
,,,,Monkfish,,,
,,,,Mullet,,,
,,,,Orange Roughy,,,
,,,,Parrotfish,,,
,,,,Patagonian Toothfish,,,
,,,,Perch,,,
,,,,Pike,,,
,,,,Pilchard,,,
,,,,Pollock,,,
,,,,Pomfret,,,
,,,,Pompano,,,
,,,,Sablefish,,,
,,,,Salmon,,,
,,,,Pacific Sanddab,,,
,,,,Sardine,,,
,,,,Sea Bass,,,
,,,,Shad,,,
,,,,Shark,,,
,,,,Skate,,,
,,,,Smelt,,,
,,,,Snakehead,,,
,,,,Snapper,,,
,,,,Sole,,,
,,,,Sprat,,,
,,,,Sturgeon,,,
,,,,Surimi,,,
,,,,Swordfish,,,
,,,,Tilapia,,,
,,,,Tilefish,,,
,,,,Trout,,,
,,,,Tuna,,,
,,,,Turbot,,,
,,,,Wahoo,,,
,,,,Whitefish,,,
,,,,Whiting,,,
,,,,Witch,,,
,,,,Caviar,,,
,,,,Ikura,,,
,,,,Kazunoko,,,
,,,,Lumpfish Roe,,,
,,,,Masago,,,
,,,,Shad Roe,,,
,,,,Tobiko,,,
,,,,Crabs,,,
,,,,Cray Fish,,,
,,,,Lobsters,,,
,,,,Shrimp,,,
,,,,Cockle,,,
,,,,Cuttlefish,,,
,,,,Clam,,,
,,,,Loco,,,
,,,,Mussel,,,
,,,,Octopus,,,
,,,,Oyster,,,
,,,,Periwinkle,,,
,,,,Scallop,,,
,,,,Squid,,,
,,,,Conch,,,
,,,,Nautilus,,,
,,,,Sea Cucumber,,,
,,,,Uni,,,
,,,,Alaria,,,
,,,,Alaria Esculenta,,,
,,,,Arame,,,
,,,,Ascophyllum,,,
,,,,Asparagopsis Taxiformis,,,
,,,,Callophyllis Variegata,,,
,,,,Caulerpa,,,
,,,,Caulerpa Lentillifera,,,
,,,,Cladosiphon Okamuranus,,,
,,,,Durvillaea Amatheiae,,,
,,,,Durvillaea Antarctica,,,
,,,,Durvillaea Chathamensis,,,
,,,,Durvillaea Fenestrata,,,
,,,,Durvillaea Incurvata,,,
,,,,Durvillaea Poha,,,
,,,,Durvillaea Potatorum,,,
,,,,Ecklonia Cava,,,
,,,,Ecklonia Stolonifera,,,
,,,,Fucus Vesiculosus,,,
,,,,Gamet,,,
,,,,Gim,,,
,,,,Gracilaria,,,
,,,,Green Laver,,,
,,,,Hijiki,,,
,,,,Kaipen,,,
,,,,Kelp,,,
,,,,Kombu,,,
,,,,Laminaria Digitata,,,
,,,,Laverbread,,,
,,,,Limu,,,
,,,,Meristotheca Papulosa,,,
,,,,Monostroma Kuroshiense,,,
,,,,Nori,,,
,,,,Osmundea Pinnatifida,,,
,,,,Palmaria Palmata,,,
,,,,Pepper-Dulse,,,
,,,,Porphyra,,,
,,,,Porphyra Haitanensis,,,
,,,,Postelsia,,,
,,,,Postelsia Palmaeformis,,,
,,,,Pyropia,,,
,,,,Pyropia Columbina,,,
,,,,Pyropia Tenera,,,
,,,,Saccharina Japonica,,,
,,,,Sea Lettuce,,,
,,,,Ulva Intestinalis,,,
,,,,Ulva Lactuca,,,
,,,,Ulva Linza,,,
,,,,Ulva Paschima,,,
,,,,Wakame,,,
,,,,Seaweed,,,
,,,,Wrack,,,
,,,,Chestnut,,,
,,,,Malabar chestnut,,,
,,,,Peanut,,,
,,,,Peanut Tree nut,,,
,,,,Pistachio,,,
,,,,Pumpkin seeds,,,
,,,,Sunflower seeds,,,